,date,stock_id,Trading_Volume,Trading_money,open,max,min,close,spread,Trading_turnover
0,2020-01-02,2330,33282120,11224165450,332.5,339.0,332.5,339.0,8.0,17160
1,2020-01-03,2330,42023268,14295651580,344.0,345.0,335.5,339.5,0.5,20545
2,2020-01-06,2330,45677057,15210531318,333.0,334.5,332.0,332.0,-7.5,22944
3,2020-01-07,2330,51746181,17053282011,332.5,333.0,326.5,329.5,-2.5,22362
4,2020-01-08,2330,37913748,12484410088,325.0,333.0,325.0,329.5,0.0,18228
5,2020-01-09,2330,32397504,10890847940,335.0,337.5,333.5,337.5,8.0,16793
6,2020-01-10,2330,27880115,9432320316,340.5,341.0,336.0,339.5,2.0,13296
7,2020-01-13,2330,30663332,10455852739,342.0,342.0,339.0,341.5,2.0,13457
8,2020-01-14,2330,30368993,10488360978,345.5,346.0,344.5,346.0,4.5,16339
9,2020-01-15,2330,54575274,18590754206,345.0,345.0,337.5,340.0,-6.0,20392
10,2020-01-16,2330,58217420,19431133895,330.0,336.5,330.0,334.5,-5.5,24721
11,2020-01-17,2330,53908097,17977119406,334.0,335.5,332.0,333.0,-1.5,23954
12,2020-01-20,2330,35551203,11865436839,334.0,335.5,333.0,333.0,0.0,15095
13,2020-01-30,2330,126820049,40734449874,326.0,326.0,316.5,316.5,-16.5,55603
14,2020-01-31,2330,62912055,20205365710,323.0,323.5,319.0,320.0,3.5,22639
15,2020-02-03,2330,59711849,18782694826,315.0,316.5,312.0,315.0,-5.0,26483
16,2020-02-04,2330,52208496,16882411296,319.0,326.0,318.0,325.0,10.0,22587
17,2020-02-05,2330,36601453,11985817083,329.0,329.5,324.5,327.5,2.5,16656
18,2020-02-06,2330,29659094,9803038836,329.5,332.5,329.0,332.5,5.0,14246
19,2020-02-07,2330,30055327,9869903253,330.0,330.5,326.0,328.0,-4.5,13075
20,2020-02-10,2330,30814424,10024967927,321.5,328.0,321.0,327.5,-0.5,14825
21,2020-02-11,2330,29062935,9629938182,330.5,332.5,330.0,331.5,4.0,12766
22,2020-02-12,2330,37612639,12593082711,333.5,336.0,333.0,335.0,3.5,17394
23,2020-02-13,2330,23217021,7805299096,338.0,338.0,335.0,335.0,0.0,12563
24,2020-02-14,2330,18326683,6155862838,337.0,337.0,334.5,335.0,0.0,7881
25,2020-02-17,2330,16145079,5354339726,331.5,333.0,330.5,331.5,-3.5,9747
26,2020-02-18,2330,64662604,20957801150,324.5,326.5,322.0,322.0,-9.5,36520
27,2020-02-19,2330,48856218,15881609046,322.5,327.0,322.0,326.5,4.5,16003
28,2020-02-20,2330,27061736,8832642641,328.0,329.0,325.0,325.5,-1.0,11695
29,2020-02-21,2330,22974534,7463007621,325.5,326.5,323.0,325.0,-0.5,9342
30,2020-02-24,2330,42946680,13754512932,319.5,321.5,319.5,320.0,-5.0,18902
31,2020-02-25,2330,38674011,12425785349,320.0,323.5,317.5,322.0,2.0,17366
32,2020-02-26,2330,60768362,19341695595,317.0,320.5,316.5,318.5,-3.5,24310
33,2020-02-27,2330,62401927,19756146876,319.0,320.0,315.0,316.0,-2.5,20633
34,2020-03-02,2330,86372942,26864484400,308.0,317.0,308.0,311.0,-5.0,35320
35,2020-03-03,2330,55169411,17534766696,318.5,320.0,316.0,317.5,6.5,20713
36,2020-03-04,2330,44745146,14304795666,322.0,322.0,317.0,320.5,3.0,16118
37,2020-03-05,2330,38223525,12392618100,325.0,326.0,323.0,323.0,2.5,15107
38,2020-03-06,2330,52807760,16733485610,320.0,320.5,315.0,315.0,-8.0,24175
39,2020-03-09,2330,88633277,27236002054,307.5,310.0,305.5,305.5,-9.5,44882
40,2020-03-10,2330,74869130,22727941511,301.5,309.0,301.0,307.0,1.5,30268
41,2020-03-11,2330,64923710,19913151529,309.0,310.5,302.0,302.0,-5.0,27176
42,2020-03-12,2330,114173351,33544278206,299.0,299.0,287.0,294.0,-8.0,56989
43,2020-03-13,2330,151268148,42448997546,275.0,294.0,272.5,290.0,-4.0,71990
44,2020-03-16,2330,103933228,29343288916,285.0,291.0,275.5,276.5,-13.5,51292
45,2020-03-17,2330,122409651,32936712540,265.0,276.5,265.0,268.0,-8.5,57123
46,2020-03-18,2330,118620643,31555231792,269.5,272.5,260.0,260.0,-8.0,53985
47,2020-03-19,2330,160811697,39559889553,252.0,253.0,235.5,248.0,0.0,77302
48,2020-03-20,2330,159179726,42110816042,258.5,270.0,256.0,270.0,22.0,69829
49,2020-03-23,2330,76963709,19851467203,257.0,262.5,252.0,255.0,-15.0,41621
50,2020-03-24,2330,82377933,22207033614,268.0,274.0,266.0,267.5,12.5,41077
51,2020-03-25,2330,80514199,22368633590,276.5,280.0,274.0,277.0,9.5,40932
52,2020-03-26,2330,54189633,15108299935,279.5,280.0,275.5,280.0,3.0,27648
53,2020-03-27,2330,69320306,19324060590,284.0,286.0,273.0,273.0,-7.0,36025
54,2020-03-30,2330,53403956,14205364184,263.5,269.0,262.5,267.5,-5.5,27779
55,2020-03-31,2330,53901923,14712557472,273.0,274.0,269.5,274.0,6.5,20343
56,2020-04-01,2330,47572034,13022612818,276.5,276.5,271.5,271.5,-2.5,19580
57,2020-04-06,2330,59712754,16324198154,273.0,275.5,270.0,275.5,4.0,19971
58,2020-04-07,2330,48887346,13817936851,283.5,284.0,280.5,283.0,7.5,24281
59,2020-04-08,2330,38698826,11016972354,285.0,285.5,283.0,285.0,2.0,19126
60,2020-04-09,2330,29276430,8346209654,287.5,288.0,282.5,283.0,-2.0,15271
61,2020-04-10,2330,28206858,7894277586,280.0,282.0,279.0,279.5,-3.5,15833
62,2020-04-13,2330,22196596,6202532380,278.5,281.5,278.5,278.5,-1.0,12809
63,2020-04-14,2330,50196688,14268689661,281.0,285.5,280.0,285.0,6.5,22214
64,2020-04-15,2330,58561434,16819851630,287.0,288.5,286.0,287.5,2.5,25696
65,2020-04-16,2330,48257280,13813721932,283.0,288.5,283.0,286.5,-1.0,19084
66,2020-04-17,2330,117447201,35719172728,303.5,308.5,300.5,306.5,20.0,60873
67,2020-04-20,2330,44586860,13605802989,308.0,309.0,302.5,304.0,-2.5,21791
68,2020-04-21,2330,61949357,18417786171,300.5,301.5,293.5,295.0,-9.0,39043
69,2020-04-22,2330,43568580,12746170556,294.5,295.0,290.5,294.0,-1.0,25176
70,2020-04-23,2330,39977278,11864085990,300.0,300.0,294.0,295.5,1.5,18541
71,2020-04-24,2330,26465090,7799075756,295.5,297.0,294.0,294.0,-1.5,13661
72,2020-04-27,2330,38493406,11461378300,298.0,298.5,296.0,298.0,4.0,15916
73,2020-04-28,2330,37621165,11134919970,298.5,298.5,294.5,296.5,-1.5,18214
74,2020-04-29,2330,46253301,13861245296,299.0,301.5,298.0,299.0,2.5,21633
75,2020-04-30,2330,58439085,17753466901,302.0,305.0,301.5,304.5,5.5,26219
76,2020-05-04,2330,72252861,21341931218,294.5,296.5,294.0,295.0,-9.5,37736
77,2020-05-05,2330,23988405,7104774785,296.5,298.0,295.0,295.5,0.5,13569
78,2020-05-06,2330,35704479,10524838077,294.5,296.0,292.5,296.0,0.5,16046
79,2020-05-07,2330,28017198,8321170642,294.5,299.0,294.5,297.5,1.5,13149
80,2020-05-08,2330,35613893,10619091212,300.0,300.0,296.0,297.5,0.0,14345
81,2020-05-11,2330,32379019,9729431840,300.0,301.5,298.5,301.0,3.5,14920
82,2020-05-12,2330,52494788,15553012596,297.5,298.5,295.0,295.0,-6.0,29073
83,2020-05-13,2330,46158418,13619538824,293.0,297.0,292.5,297.0,2.0,14555
84,2020-05-14,2330,34480948,10119787160,293.0,295.0,292.5,293.0,-4.0,21482
85,2020-05-15,2330,44304804,13170466660,297.5,298.5,294.5,298.0,5.0,20071
86,2020-05-18,2330,96872065,28216346996,291.0,293.5,290.0,290.0,-8.0,49640
87,2020-05-19,2330,53083214,15527338138,294.0,294.0,291.5,291.5,1.5,22033
88,2020-05-20,2330,36789994,10772280152,293.0,294.0,291.0,294.0,2.5,16906
89,2020-05-21,2330,36299468,10782482962,296.0,298.0,295.0,297.5,3.5,17064
90,2020-05-22,2330,41138923,12025339565,294.5,295.0,291.0,292.0,-5.5,22345
91,2020-05-25,2330,32942223,9568008388,290.5,293.0,288.5,292.0,0.0,14585
92,2020-05-26,2330,35817481,10609868646,295.0,297.5,293.5,295.5,3.5,19524
93,2020-05-27,2330,23375959,6932934823,297.0,298.0,295.5,296.5,1.0,11244
94,2020-05-28,2330,32395568,9575118830,298.5,298.5,293.0,294.0,-2.5,13208
95,2020-05-29,2330,96611181,28172174547,292.0,292.5,290.0,292.0,-2.0,21037
96,2020-06-01,2330,37936214,11205227094,294.0,296.5,293.5,295.5,3.5,15502
97,2020-06-02,2330,26663587,7908476089,296.0,297.5,296.0,296.5,1.0,9743
98,2020-06-03,2330,67894337,20354971677,300.0,301.0,298.0,301.0,4.5,33062
99,2020-06-04,2330,47225322,14414983532,305.0,306.0,304.0,306.0,5.0,24482
100,2020-06-05,2330,44077262,13655618646,308.5,312.0,308.0,311.5,5.5,24096
101,2020-06-08,2330,52042921,16500836851,316.0,319.0,315.0,318.0,6.5,28581
102,2020-06-09,2330,37068082,11746874522,316.5,319.0,314.0,319.0,1.0,19981
103,2020-06-10,2330,42207259,13566733306,319.0,324.0,318.0,322.5,3.5,22670
104,2020-06-11,2330,50612255,16340456218,325.5,327.0,318.5,320.5,-2.0,27061
105,2020-06-12,2330,46970918,14811252573,313.0,317.5,312.5,316.0,-4.5,25263
106,2020-06-15,2330,51032404,15955585136,316.0,317.5,308.5,309.5,-6.5,29255
107,2020-06-16,2330,40725216,12823172756,317.0,317.0,314.0,315.0,5.5,19377
108,2020-06-17,2330,34692968,10922017056,316.5,317.0,313.5,315.0,0.0,16218
109,2020-06-18,2330,35443474,11123108346,314.5,315.0,313.0,314.5,0.0,11897
110,2020-06-19,2330,48130280,15102300186,314.0,314.5,312.0,314.5,0.0,12915
111,2020-06-22,2330,37374616,11722688924,314.5,316.5,312.0,312.0,-2.5,18836
112,2020-06-23,2330,41300084,12981121544,316.0,316.5,312.5,315.0,3.0,15959
113,2020-06-24,2330,55464024,17641164202,319.0,320.0,316.0,317.5,2.5,27086
114,2020-06-29,2330,56672892,17695228688,314.0,315.0,310.0,312.0,-5.5,30558
115,2020-06-30,2330,49241860,15386428040,313.5,314.0,311.0,313.0,1.0,16165
116,2020-07-01,2330,29685342,9400765756,315.0,318.0,314.0,317.5,4.5,15617
117,2020-07-02,2330,37789178,12119073560,319.0,322.0,318.0,322.0,4.5,18355
118,2020-07-03,2330,55656987,18280314743,327.0,330.5,326.5,329.5,7.5,30235
119,2020-07-06,2330,57256220,19200718243,332.5,338.0,332.0,338.0,8.5,31866
120,2020-07-07,2330,59046323,20143258406,343.5,346.0,338.0,338.5,0.5,32076
121,2020-07-08,2330,33813218,11522915649,337.5,342.5,337.5,341.0,2.5,16673
122,2020-07-09,2330,37410376,12912747970,346.0,347.0,343.0,345.0,4.0,20205
123,2020-07-10,2330,60902108,21298923681,352.5,353.0,345.5,348.5,3.5,32227
124,2020-07-13,2330,49459523,17425372488,351.0,354.5,350.5,354.5,6.0,23217
125,2020-07-14,2330,63030150,22602878292,355.0,364.0,354.5,363.5,9.0,30996
126,2020-07-15,2330,75105362,27486789803,366.0,370.0,361.0,363.0,-0.5,37607
127,2020-07-16,2330,68582512,24506038172,359.0,361.0,353.5,357.5,-5.5,35598
128,2020-07-17,2330,66403485,24244495853,361.0,369.0,360.0,367.0,9.5,36729
129,2020-07-20,2330,44940238,16487970674,370.0,370.0,362.5,366.0,-1.0,23335
130,2020-07-21,2330,64440128,24491627162,372.5,387.0,371.5,383.0,17.0,40266
131,2020-07-22,2330,43959670,16844625030,381.0,386.0,379.0,384.0,1.0,25530
132,2020-07-23,2330,45397282,17302637512,382.0,383.0,379.0,381.5,-2.5,22916
133,2020-07-24,2330,90988734,35368857726,390.0,395.0,382.0,386.0,4.5,45099
134,2020-07-27,2330,103315640,43637877952,420.5,424.5,416.5,424.5,38.5,49294
135,2020-07-28,2330,172157746,77804668620,464.0,466.5,428.5,435.0,10.5,92239
136,2020-07-29,2330,88641166,37649278004,428.0,431.5,419.5,422.0,-13.0,53111
137,2020-07-30,2330,69936949,30329225735,436.5,441.0,428.5,434.0,12.0,36627
138,2020-07-31,2330,50484674,21567922126,426.0,432.0,425.5,425.5,-8.5,27653
139,2020-08-03,2330,77288571,32339719000,420.5,424.0,415.0,416.0,-9.5,43360
140,2020-08-04,2330,41697445,17600499460,421.5,425.5,418.5,425.5,9.5,22250
141,2020-08-05,2330,47460834,20356413204,430.5,433.5,426.0,429.0,3.5,24715
142,2020-08-06,2330,43443627,18877761758,437.5,438.0,431.0,435.0,6.0,22414
143,2020-08-07,2330,37611388,16218241255,433.5,434.0,428.0,433.0,-2.0,19739
144,2020-08-10,2330,36067500,15674843876,427.5,437.5,427.5,435.5,2.5,21342
145,2020-08-11,2330,34545313,14918017903,432.0,435.0,429.0,429.0,-6.5,20297
146,2020-08-12,2330,53980474,22721731886,422.0,423.5,419.0,419.0,-10.0,32761
147,2020-08-13,2330,45669335,19514322038,428.0,429.0,424.5,429.0,10.0,21499
148,2020-08-14,2330,24259947,10332447763,424.0,428.0,423.0,427.0,-2.0,12642
149,2020-08-17,2330,34607731,14930831216,427.0,435.0,425.5,435.0,8.0,20823
150,2020-08-18,2330,45504160,19824413320,440.0,440.5,432.0,433.0,-2.0,21119
151,2020-08-19,2330,31486800,13574970200,436.0,436.5,427.5,427.5,-5.5,18279
152,2020-08-20,2330,75155235,31353886930,427.0,427.5,401.0,415.0,-12.5,45670
153,2020-08-21,2330,41956467,17770610338,421.5,427.0,420.0,424.5,9.5,23059
154,2020-08-24,2330,49199406,21139093710,427.5,434.5,425.0,428.0,3.5,24672
155,2020-08-25,2330,37024899,16076146369,433.5,436.0,430.5,434.5,6.5,22035
156,2020-08-26,2330,41406340,18169230108,435.5,442.0,435.0,442.0,7.5,25305
157,2020-08-27,2330,57206712,25658355402,448.0,453.5,444.0,444.0,2.0,31575
158,2020-08-28,2330,57039210,24868453700,440.0,440.5,431.0,435.0,-9.0,35253
159,2020-08-31,2330,88569538,38106113563,437.0,439.5,426.5,426.5,-8.5,28294
160,2020-09-01,2330,50129577,21681382412,430.0,435.0,428.0,435.0,8.5,17137
161,2020-09-02,2330,42013407,18268716092,441.0,441.0,430.5,433.0,-2.0,20242
162,2020-09-03,2330,40683617,17768951582,439.5,439.5,433.5,436.0,3.0,17810
163,2020-09-04,2330,51349911,22051596821,427.0,432.5,427.0,429.0,-7.0,27893
164,2020-09-07,2330,39854584,17060627028,428.0,432.5,425.0,426.0,-3.0,20003
165,2020-09-08,2330,23714670,10208232440,428.0,433.0,427.5,431.0,5.0,12440
166,2020-09-09,2330,40727362,17312991408,425.0,428.0,423.0,427.0,-4.0,21740
167,2020-09-10,2330,35281921,15275112115,432.5,435.0,430.5,435.0,8.0,18244
168,2020-09-11,2330,34893469,15171902036,435.5,436.5,432.5,436.5,1.5,14647
169,2020-09-14,2330,39325833,17282659859,436.0,442.0,435.5,441.0,4.5,19854
170,2020-09-15,2330,39661449,17608049536,440.5,447.0,439.5,445.0,4.0,21845
171,2020-09-16,2330,70608238,32379722344,460.0,462.0,455.5,458.0,13.0,38172
172,2020-09-17,2330,44420506,20006793320,453.0,455.0,446.5,448.5,0.0,26718
173,2020-09-18,2330,52999922,23598268654,447.0,449.5,443.0,444.0,-4.5,20849
174,2020-09-21,2330,40193920,17842486882,443.5,450.0,440.0,440.0,-4.0,25834
175,2020-09-22,2330,36842639,16140184501,440.0,441.0,436.0,437.0,-3.0,22692
176,2020-09-23,2330,47426963,20592831368,436.0,438.5,432.0,433.5,-3.5,27828
177,2020-09-24,2330,82510381,35076048246,425.5,429.0,423.0,423.0,-10.5,54922
178,2020-09-25,2330,41263269,17522224043,427.0,428.0,421.0,424.0,1.0,23290
179,2020-09-28,2330,34427479,14758341446,427.0,431.5,424.5,431.5,7.5,19286
180,2020-09-29,2330,42730502,18419905574,432.5,435.0,428.0,431.0,-0.5,18647
181,2020-09-30,2330,28859204,12496613056,430.5,435.0,430.5,433.0,2.0,14203
182,2020-10-05,2330,33238832,14450407588,438.0,438.0,431.5,432.5,-0.5,18148
183,2020-10-06,2330,36276395,15935558262,441.5,442.0,437.5,439.5,7.0,20189
184,2020-10-07,2330,44691239,19693987093,435.0,445.0,435.0,443.0,3.5,24438
185,2020-10-08,2330,60853811,27461867933,450.0,454.0,448.5,453.0,10.0,37378
186,2020-10-12,2330,67645223,31061721030,458.0,462.0,457.5,460.0,7.0,36118
187,2020-10-13,2330,46303738,21346346714,465.0,465.0,456.5,462.0,2.0,25938
188,2020-10-14,2330,52677241,24157138176,460.5,461.0,457.0,459.0,-3.0,22599
189,2020-10-15,2330,49987278,22668836399,456.0,456.5,450.0,453.0,-6.0,23794
190,2020-10-16,2330,48274801,21775749575,451.0,456.0,448.5,449.0,-4.0,26602
191,2020-10-19,2330,34846906,15854021670,453.0,457.5,451.0,457.5,8.5,17112
192,2020-10-20,2330,26567638,12065806730,455.5,457.0,451.0,451.0,-6.5,12725
193,2020-10-21,2330,29906921,13561798906,453.5,456.0,451.0,453.0,2.0,15490
194,2020-10-22,2330,25285547,11435937453,450.0,455.0,449.5,455.0,2.0,10354
195,2020-10-23,2330,18777385,8516604326,458.0,458.0,451.5,452.0,-3.0,9909
196,2020-10-26,2330,15800622,7136001014,455.0,455.0,450.0,450.0,-2.0,17664
197,2020-10-27,2330,31795010,14213282507,447.5,448.5,445.5,447.0,-3.0,30644
198,2020-10-28,2330,26221663,11660544725,445.0,447.0,443.0,444.0,-3.0,35598
199,2020-10-29,2330,43075387,18832675652,436.5,439.5,435.5,437.0,-7.0,55027
200,2020-10-30,2330,49770771,21614729093,437.0,437.0,432.0,432.0,-5.0,46871
201,2020-11-02,2330,34539576,14901775161,433.0,435.5,428.0,435.5,3.5,35704
202,2020-11-03,2330,31461727,13852498196,439.5,443.0,438.0,441.0,5.5,21031
203,2020-11-04,2330,37929652,16969841989,444.5,451.5,443.0,450.0,9.0,30087
204,2020-11-05,2330,36539446,16404944484,451.5,451.5,445.5,451.0,1.0,24764
205,2020-11-06,2330,32644190,14788989058,455.0,455.5,450.0,452.5,1.5,20999
206,2020-11-09,2330,43415670,19865414906,458.0,460.0,454.0,458.5,6.0,27868
207,2020-11-10,2330,36786882,16610287996,452.0,454.5,448.5,451.0,-7.5,31009
208,2020-11-11,2330,40355804,18326545251,448.5,457.0,448.5,457.0,6.0,23150
209,2020-11-12,2330,57993774,26690353577,463.0,463.5,457.5,458.0,1.0,28011
210,2020-11-13,2330,31483881,14478873331,459.0,462.0,456.5,462.0,4.0,21663
211,2020-11-16,2330,83380911,39658459663,470.0,484.5,469.0,484.0,22.0,67363
212,2020-11-17,2330,75763870,37446278783,502.0,506.0,485.5,485.5,1.5,68560
213,2020-11-18,2330,56607501,27883387314,490.0,497.0,486.5,497.0,11.5,38186
214,2020-11-19,2330,47345316,23320435165,499.0,499.0,490.0,490.0,-7.0,40198
215,2020-11-20,2330,35242579,17191897556,486.0,490.0,486.0,488.0,-2.0,30557
216,2020-11-23,2330,43708352,21661263304,494.5,498.5,492.0,496.5,8.5,26794
217,2020-11-24,2330,38630079,19113408398,499.5,500.0,491.5,492.0,-4.5,34407
218,2020-11-25,2330,47179640,23142083458,495.0,495.5,487.0,487.0,-5.0,40066
219,2020-11-26,2330,31844322,15606951086,489.0,493.5,488.0,489.0,2.0,19587
220,2020-11-27,2330,35196829,17205872680,487.5,492.0,486.5,489.0,0.0,21314
221,2020-11-30,2330,149311778,72095050187,493.0,493.5,480.5,480.5,-8.5,49362
222,2020-12-01,2330,38341265,18719729411,489.5,490.0,483.5,490.0,9.5,24827
223,2020-12-02,2330,60208035,29970556095,499.5,500.0,493.5,499.0,9.0,35624
224,2020-12-03,2330,36919644,18369786608,499.5,499.5,495.0,497.0,-2.0,25651
225,2020-12-04,2330,54471042,27307472890,498.5,505.0,497.5,503.0,6.0,35708
226,2020-12-07,2330,45493551,23243392840,512.0,515.0,506.0,514.0,11.0,34767
227,2020-12-08,2330,41830257,21673267551,514.0,525.0,509.0,524.0,10.0,35895
228,2020-12-09,2330,46831705,24416275048,521.0,524.0,520.0,520.0,-4.0,31749
229,2020-12-10,2330,43991133,22516917355,511.0,515.0,510.0,512.0,-8.0,49079
230,2020-12-11,2330,51296611,26259941709,517.0,517.0,505.0,516.0,4.0,50929
231,2020-12-14,2330,30809747,15703026732,512.0,513.0,508.0,508.0,-8.0,33415
232,2020-12-15,2330,43059899,21780400998,507.0,510.0,504.0,504.0,-4.0,43967
233,2020-12-16,2330,53661282,27504184031,509.0,515.0,507.0,512.0,8.0,30574
234,2020-12-17,2330,39285785,20052530030,515.0,515.0,508.0,508.0,0.0,34785
235,2020-12-18,2330,40625502,20690792789,508.0,512.0,507.0,510.0,2.0,20638
236,2020-12-21,2330,35153138,18033402498,512.0,517.0,508.0,516.0,6.0,21765
237,2020-12-22,2330,25632245,13125205685,512.0,516.0,509.0,509.0,-7.0,25973
238,2020-12-23,2330,18320849,9321219765,508.0,511.0,506.0,509.0,0.0,16428
239,2020-12-24,2330,15218008,7759366699,511.0,512.0,508.0,510.0,1.0,12743
240,2020-12-25,2330,12581145,6449612552,514.0,515.0,510.0,511.0,1.0,14988
241,2020-12-28,2330,19520886,10023145125,512.0,515.0,509.0,515.0,4.0,16675
242,2020-12-29,2330,20226736,10409159045,515.0,517.0,513.0,515.0,0.0,17187
243,2020-12-30,2330,46705107,24306881615,516.0,525.0,514.0,525.0,10.0,33173
244,2020-12-31,2330,31173332,16437646054,526.0,530.0,524.0,530.0,5.0,25138
245,2021-01-04,2330,39489959,21127581248,530.0,540.0,528.0,536.0,6.0,33316
246,2021-01-05,2330,34839391,18761831567,536.0,542.0,535.0,542.0,6.0,28512
247,2021-01-06,2330,55614434,30572783229,555.0,555.0,541.0,549.0,7.0,55462
248,2021-01-07,2330,53392763,30018630685,554.0,570.0,553.0,565.0,16.0,47905
249,2021-01-08,2330,62957148,36339702855,580.0,580.0,571.0,580.0,15.0,56426
250,2021-01-11,2330,52771778,30535694908,577.0,584.0,574.0,584.0,4.0,49539
251,2021-01-12,2330,52605212,30958142918,583.0,597.0,582.0,591.0,7.0,59595
252,2021-01-13,2330,75707681,45419255149,595.0,605.0,593.0,605.0,14.0,59966
253,2021-01-14,2330,90309708,53477747672,587.0,597.0,587.0,592.0,-13.0,111849
254,2021-01-15,2330,100998199,61876473170,621.0,625.0,601.0,601.0,9.0,105961
255,2021-01-18,2330,50388664,30406611574,608.0,608.0,594.0,607.0,6.0,49008
256,2021-01-19,2330,52947466,32934404720,618.0,632.0,613.0,627.0,20.0,55490
257,2021-01-20,2330,95484470,61279319857,633.0,650.0,631.0,647.0,20.0,95577
258,2021-01-21,2330,97590371,64624578866,640.0,679.0,640.0,673.0,26.0,115004
259,2021-01-22,2330,134238314,88023707664,649.0,665.0,649.0,649.0,-24.0,235186
260,2021-01-25,2330,98608285,62583576696,642.0,646.0,626.0,633.0,-16.0,154134
261,2021-01-26,2330,114797609,71638808826,632.0,640.0,610.0,617.0,-16.0,177764
262,2021-01-27,2330,72823691,44931754892,618.0,625.0,611.0,615.0,-2.0,77274
263,2021-01-28,2330,104181514,62647021616,600.0,608.0,598.0,601.0,-14.0,157835
264,2021-01-29,2330,96875889,58399782288,619.0,619.0,591.0,591.0,-10.0,129394
265,2021-02-01,2330,70161939,42004241697,595.0,612.0,587.0,611.0,20.0,81346
266,2021-02-02,2330,80724207,50938461582,629.0,638.0,622.0,632.0,21.0,82687
267,2021-02-03,2330,59763227,37926170035,638.0,642.0,630.0,630.0,-2.0,56515
268,2021-02-04,2330,47547873,29765963971,626.0,632.0,620.0,627.0,-3.0,44668
269,2021-02-05,2330,57350831,36435290641,638.0,641.0,631.0,632.0,5.0,51140
270,2021-02-17,2330,115578402,76728732025,663.0,668.0,660.0,663.0,31.0,91925
271,2021-02-18,2330,54520341,36024245089,664.0,665.0,656.0,660.0,-3.0,49914
272,2021-02-19,2330,51651844,33676514428,656.0,657.0,647.0,652.0,-8.0,63171
273,2021-02-22,2330,39512078,25885948680,660.0,662.0,650.0,650.0,-2.0,47116
274,2021-02-23,2330,52868029,33779796222,641.0,643.0,633.0,641.0,-9.0,73349
275,2021-02-24,2330,80010637,50333904697,627.0,636.0,625.0,625.0,-16.0,138264
276,2021-02-25,2330,45279276,28634410089,636.0,636.0,628.0,635.0,10.0,46506
277,2021-02-26,2330,137933162,84194194399,611.0,618.0,606.0,606.0,-29.0,212428
278,2021-03-02,2330,57792973,35565213485,621.0,622.0,609.0,609.0,3.0,71325
279,2021-03-03,2330,61171387,37550028241,609.0,622.0,601.0,622.0,13.0,57677
280,2021-03-04,2330,75508388,45662897489,609.0,611.0,601.0,601.0,-21.0,143916
281,2021-03-05,2330,85579527,50968119396,588.0,605.0,584.0,601.0,0.0,127693
282,2021-03-08,2330,47676630,28737004484,608.0,610.0,598.0,598.0,-3.0,84570
283,2021-03-09,2330,74471341,43957092621,585.0,595.0,585.0,595.0,-3.0,119867
284,2021-03-10,2330,41735443,24904320192,601.0,601.0,593.0,597.0,2.0,54196
285,2021-03-11,2330,55462783,33584884382,596.0,612.0,595.0,609.0,12.0,47948
286,2021-03-12,2330,33876990,20780886905,615.0,618.0,609.0,614.0,5.0,36145
287,2021-03-15,2330,29767904,18194081208,614.0,614.0,609.0,611.0,-3.0,26753
288,2021-03-16,2330,37780820,23074187740,610.0,613.0,607.0,613.0,2.0,37573
289,2021-03-17,2330,43942131,26638906800,612.0,612.0,602.0,604.0,0.0,68585
290,2021-03-18,2330,30223846,18286667342,606.0,609.0,602.0,602.0,-2.0,31677
291,2021-03-19,2330,74960854,44407634402,594.0,598.0,591.0,591.0,-11.0,106938
292,2021-03-22,2330,35931375,21250445678,588.0,598.0,586.0,593.0,2.0,55005
293,2021-03-23,2330,31933358,19057386513,597.0,603.0,593.0,594.0,1.0,36423
294,2021-03-24,2330,115318351,66559451738,571.0,582.0,571.0,576.0,-18.0,242138
295,2021-03-25,2330,74225812,42594849855,572.0,581.0,570.0,575.0,-1.0,115951
296,2021-03-26,2330,37937242,22271364837,582.0,592.0,580.0,590.0,15.0,49718
297,2021-03-29,2330,40573913,24302039570,599.0,602.0,596.0,599.0,9.0,44500
298,2021-03-30,2330,34686346,20661203325,600.0,600.0,592.0,597.0,-2.0,46755
299,2021-03-31,2330,44454672,26217366895,596.0,597.0,587.0,587.0,-10.0,70527
300,2021-04-01,2330,45972766,27520742963,598.0,602.0,594.0,602.0,15.0,48170
301,2021-04-06,2330,37664216,23045132094,615.0,616.0,608.0,610.0,8.0,42422
302,2021-04-07,2330,28140964,17175949080,614.0,614.0,608.0,610.0,0.0,28395
303,2021-04-08,2330,26658283,16217570357,606.0,613.0,603.0,613.0,3.0,32098
304,2021-04-09,2330,31601619,19344167081,618.0,618.0,609.0,610.0,-3.0,28920
305,2021-04-12,2330,23319822,14155495430,612.0,613.0,603.0,605.0,-5.0,33422
306,2021-04-13,2330,27386926,16638680378,604.0,613.0,604.0,605.0,0.0,30438
307,2021-04-14,2330,31144922,18868308243,608.0,612.0,600.0,612.0,7.0,41234
308,2021-04-15,2330,36394255,22332532476,612.0,619.0,607.0,619.0,7.0,40541
309,2021-04-16,2330,49952191,30335377876,610.0,611.0,603.0,610.0,-9.0,67601
310,2021-04-19,2330,25234976,15224292755,605.0,607.0,601.0,603.0,-7.0,43094
311,2021-04-20,2330,36655069,21969721089,598.0,602.0,595.0,602.0,-1.0,54247
312,2021-04-21,2330,41893725,24933016553,599.0,599.0,592.0,592.0,-10.0,92840
313,2021-04-22,2330,38094824,22626436436,596.0,598.0,591.0,591.0,-1.0,64897
314,2021-04-23,2330,29004756,17336162729,592.0,602.0,590.0,602.0,11.0,29147
315,2021-04-26,2330,32426908,19673836650,605.0,610.0,603.0,610.0,8.0,35286
316,2021-04-27,2330,26761401,16274064043,608.0,611.0,605.0,610.0,0.0,25203
317,2021-04-28,2330,24601487,14833592900,606.0,608.0,601.0,602.0,-8.0,32198
318,2021-04-29,2330,35756460,21579514979,609.0,609.0,600.0,600.0,-2.0,30756
319,2021-05-03,2330,46801189,27676378065,595.0,597.0,588.0,588.0,-12.0,104468
320,2021-05-04,2330,45507479,26756714081,588.0,594.0,582.0,591.0,3.0,69833
321,2021-05-05,2330,31786592,18603594408,594.0,594.0,585.0,585.0,-6.0,52496
322,2021-05-06,2330,33165446,19405281385,590.0,590.0,580.0,587.0,2.0,69578
323,2021-05-07,2330,28719597,17131817777,594.0,600.0,589.0,599.0,12.0,30063
324,2021-05-10,2330,21365583,12626811276,596.0,597.0,588.0,589.0,-10.0,43154
325,2021-05-11,2330,66035839,37939364597,579.0,580.0,570.0,571.0,-18.0,184838
326,2021-05-12,2330,138328672,76325765887,567.0,571.0,518.0,560.0,-11.0,223058
327,2021-05-13,2330,71519430,39495488180,547.0,563.0,541.0,547.0,-13.0,105026
328,2021-05-14,2330,38625148,21474513930,556.0,562.0,552.0,557.0,10.0,52919
329,2021-05-17,2330,58446847,32066868553,544.0,558.0,541.0,549.0,-8.0,76808
330,2021-05-18,2330,44584258,25226153189,563.0,573.0,555.0,572.0,23.0,52152
331,2021-05-19,2330,29610174,16832735286,571.0,572.0,565.0,567.0,-5.0,34443
332,2021-05-20,2330,36605692,20670883290,567.0,571.0,560.0,567.0,0.0,32301
333,2021-05-21,2330,28009899,16016851343,572.0,577.0,568.0,573.0,6.0,27050
334,2021-05-24,2330,15981036,9090836697,570.0,572.0,566.0,568.0,-5.0,20189
335,2021-05-25,2330,35445350,20525932956,576.0,584.0,573.0,583.0,15.0,39032
336,2021-05-26,2330,19555305,11433686898,587.0,588.0,581.0,585.0,2.0,21034
337,2021-05-27,2330,70061002,40643804852,580.0,582.0,573.0,582.0,-3.0,37545
338,2021-05-28,2330,30720737,18082265480,587.0,592.0,582.0,590.0,8.0,31581
339,2021-05-31,2330,31557426,18751716595,595.0,597.0,590.0,597.0,7.0,29798
340,2021-06-01,2330,18405285,10985893229,598.0,599.0,595.0,598.0,1.0,20318
341,2021-06-02,2330,22416789,13362065937,600.0,600.0,593.0,595.0,-3.0,25170
342,2021-06-03,2330,31703679,18939839664,600.0,600.0,596.0,596.0,1.0,20749
343,2021-06-04,2330,16072580,9521252157,591.0,595.0,590.0,595.0,-1.0,19112
344,2021-06-07,2330,17729179,10471176330,594.0,595.0,583.0,592.0,-3.0,25364
345,2021-06-08,2330,14083552,8312653665,590.0,595.0,588.0,589.0,-3.0,14051
346,2021-06-09,2330,21575159,12618113390,586.0,588.0,583.0,586.0,-3.0,36405
347,2021-06-10,2330,29741770,17696413894,591.0,599.0,587.0,599.0,13.0,30487
348,2021-06-11,2330,24940705,15011140567,602.0,603.0,600.0,602.0,3.0,25271
349,2021-06-15,2330,30245897,18415370774,607.0,609.0,606.0,609.0,7.0,33515
350,2021-06-16,2330,28624508,17401326587,608.0,608.0,605.0,605.0,-4.0,25816
351,2021-06-17,2330,26477032,15924656516,601.0,606.0,598.0,606.0,0.0,21061
352,2021-06-18,2330,42036170,25373026235,608.0,608.0,601.0,603.0,-3.0,16899
353,2021-06-21,2330,47339695,27749202661,590.0,594.0,583.0,583.0,-20.0,109204
354,2021-06-22,2330,30578091,17786329582,585.0,588.0,578.0,578.0,-5.0,56057
355,2021-06-23,2330,36386023,21500052844,583.0,598.0,581.0,595.0,17.0,34454
356,2021-06-24,2330,19322765,11435647488,598.0,598.0,588.0,590.0,-5.0,18494
357,2021-06-25,2330,19140086,11355715486,598.0,598.0,589.0,591.0,1.0,16850
358,2021-06-28,2330,15401977,9056869217,590.0,590.0,586.0,590.0,-1.0,20825
359,2021-06-29,2330,30837548,18350027611,598.0,598.0,591.0,595.0,5.0,24078
360,2021-06-30,2330,34021380,20301841661,599.0,599.0,595.0,595.0,0.0,20097
361,2021-07-01,2330,18719706,11116195742,596.0,597.0,591.0,593.0,-2.0,20565
362,2021-07-02,2330,19633718,11562140245,590.0,593.0,587.0,588.0,-5.0,24056
363,2021-07-05,2330,30274105,17957255325,588.0,597.0,588.0,591.0,3.0,21836
364,2021-07-06,2330,13830591,8185167307,595.0,596.0,589.0,592.0,1.0,15751
365,2021-07-07,2330,17329148,10250342169,590.0,594.0,588.0,594.0,2.0,18023
366,2021-07-08,2330,21596183,12733045117,595.0,595.0,588.0,588.0,-6.0,23352
367,2021-07-09,2330,30602492,17821338170,582.0,585.0,580.0,584.0,-4.0,51232
368,2021-07-12,2330,33011596,19612592644,595.0,597.0,590.0,593.0,9.0,28636
369,2021-07-13,2330,54894335,33158730436,600.0,608.0,599.0,607.0,14.0,60121
370,2021-07-14,2330,39670241,24276719505,613.0,615.0,608.0,613.0,6.0,43173
371,2021-07-15,2330,23057868,14117908308,613.0,614.0,608.0,614.0,1.0,29913
372,2021-07-16,2330,61882128,36562482701,591.0,595.0,588.0,589.0,-25.0,86192
373,2021-07-19,2330,43248966,25135531384,583.0,584.0,578.0,582.0,-7.0,86753
374,2021-07-20,2330,16352855,9502338666,579.0,584.0,579.0,581.0,-1.0,27956
375,2021-07-21,2330,26476215,15440430690,586.0,586.0,580.0,585.0,4.0,32757
376,2021-07-22,2330,27075950,16014166571,589.0,594.0,587.0,591.0,6.0,23365
377,2021-07-23,2330,15705191,9206201715,592.0,592.0,583.0,585.0,-6.0,23635
378,2021-07-26,2330,22442745,13089591086,591.0,591.0,580.0,580.0,-5.0,37826
379,2021-07-27,2330,18925325,10997959654,581.0,584.0,580.0,580.0,0.0,20197
380,2021-07-28,2330,39744486,22884618824,576.0,579.0,573.0,579.0,-1.0,75078
381,2021-07-29,2330,25014772,14525643464,585.0,585.0,577.0,583.0,4.0,26868
382,2021-07-30,2330,26141286,15170421873,581.0,582.0,578.0,580.0,-3.0,16353
383,2021-08-02,2330,24948096,14593329483,583.0,590.0,580.0,590.0,10.0,19791
384,2021-08-03,2330,28104984,16655446605,594.0,594.0,590.0,594.0,4.0,20221
385,2021-08-04,2330,23714971,14132827829,598.0,598.0,594.0,596.0,2.0,18228
386,2021-08-05,2330,15673765,9343887536,598.0,598.0,593.0,596.0,0.0,15495
387,2021-08-06,2330,13994018,8275142201,596.0,596.0,588.0,591.0,-5.0,13742
388,2021-08-09,2330,17611955,10366798182,590.0,595.0,583.0,595.0,4.0,15068
389,2021-08-10,2330,17620825,10435618093,596.0,596.0,589.0,591.0,-4.0,13983
390,2021-08-11,2330,20311399,11943131619,590.0,590.0,585.0,590.0,-1.0,18548
391,2021-08-12,2330,16031265,9383967628,586.0,588.0,584.0,586.0,-4.0,15202
392,2021-08-13,2330,25440973,14769155709,585.0,585.0,579.0,581.0,-5.0,36198
393,2021-08-16,2330,19949389,11612486234,582.0,586.0,578.0,584.0,3.0,17055
394,2021-08-17,2330,31845499,18475506150,580.0,582.0,578.0,580.0,-4.0,19184
395,2021-08-18,2330,47063629,26855353529,568.0,575.0,566.0,574.0,-6.0,86118
396,2021-08-19,2330,42133375,23766228074,573.0,573.0,559.0,559.0,-15.0,119048
397,2021-08-20,2330,47741449,26565551162,560.0,563.0,551.0,552.0,-7.0,72684
398,2021-08-23,2330,34775337,19688362857,560.0,572.0,559.0,566.0,14.0,30421
399,2021-08-24,2330,27397309,15697269609,574.0,575.0,571.0,572.0,6.0,21032
400,2021-08-25,2330,28867651,16769849402,579.0,585.0,574.0,585.0,13.0,29096
401,2021-08-26,2330,45027320,26834160811,601.0,603.0,591.0,594.0,9.0,42735
402,2021-08-27,2330,29459532,17596859741,596.0,600.0,593.0,599.0,5.0,31217
403,2021-08-30,2330,40606821,24425472555,602.0,605.0,599.0,605.0,6.0,43096
404,2021-08-31,2330,58916407,35867753009,604.0,614.0,598.0,614.0,9.0,46791
405,2021-09-01,2330,31242788,19126702297,614.0,614.0,608.0,613.0,-1.0,30125
406,2021-09-02,2330,26715492,16341803689,613.0,615.0,607.0,607.0,-6.0,26153
407,2021-09-03,2330,53915006,33278648609,610.0,620.0,610.0,620.0,13.0,62288
408,2021-09-06,2330,59223061,37250623087,623.0,638.0,621.0,631.0,11.0,77024
409,2021-09-07,2330,27422775,17191259166,634.0,634.0,623.0,623.0,-8.0,29823
410,2021-09-08,2330,38713621,23960375113,622.0,627.0,612.0,619.0,-4.0,38267
411,2021-09-09,2330,19309522,11886107760,612.0,620.0,610.0,619.0,0.0,19569
412,2021-09-10,2330,16740439,10365721937,615.0,623.0,614.0,622.0,3.0,17067
413,2021-09-13,2330,15809768,9734528161,619.0,620.0,613.0,615.0,-7.0,21779
414,2021-09-14,2330,16024935,9849961184,618.0,618.0,612.0,613.0,-2.0,13569
415,2021-09-15,2330,26041452,15872971715,610.0,613.0,607.0,607.0,-6.0,24839
416,2021-09-16,2330,23315040,14030697248,603.0,607.0,599.0,600.0,0.0,31437
417,2021-09-17,2330,42383815,25510152115,600.0,610.0,599.0,600.0,0.0,18681
418,2021-09-22,2330,42732169,25056693727,586.0,589.0,583.0,586.0,-14.0,70389
419,2021-09-23,2330,22736266,13406035166,588.0,593.0,588.0,588.0,2.0,22991
420,2021-09-24,2330,17302848,10289114839,591.0,598.0,590.0,598.0,10.0,15796
421,2021-09-27,2330,20034221,11993300562,600.0,602.0,593.0,602.0,4.0,16349
422,2021-09-28,2330,17325896,10291543822,595.0,596.0,592.0,594.0,-8.0,16496
423,2021-09-29,2330,51834124,30040354500,580.0,583.0,577.0,580.0,-14.0,95024
424,2021-09-30,2330,36318623,21054651328,580.0,585.0,575.0,580.0,0.0,32973
425,2021-10-01,2330,39006124,22368447571,579.0,579.0,571.0,574.0,-6.0,78088
426,2021-10-04,2330,22288138,12741914919,574.0,575.0,569.0,572.0,-2.0,42147
427,2021-10-05,2330,36063650,20406526124,562.0,572.0,560.0,572.0,0.0,56678
428,2021-10-06,2330,33989379,19345468774,573.0,574.0,565.0,571.0,-1.0,53606
429,2021-10-07,2330,28480400,16458019782,575.0,582.0,572.0,580.0,9.0,23304
430,2021-10-08,2330,22601904,13051944932,582.0,583.0,573.0,575.0,-5.0,24157
431,2021-10-12,2330,27126088,15455194493,570.0,575.0,564.0,575.0,0.0,32210
432,2021-10-13,2330,19267437,11006807040,572.0,575.0,570.0,571.0,-4.0,18050
433,2021-10-14,2330,14270641,8213170376,579.0,579.0,573.0,573.0,2.0,14814
434,2021-10-15,2330,55305252,32878638999,592.0,600.0,586.0,600.0,27.0,61088
435,2021-10-18,2330,19753943,11802365489,604.0,604.0,590.0,590.0,-10.0,21353
436,2021-10-19,2330,18709936,11196540994,598.0,600.0,593.0,600.0,10.0,20482
437,2021-10-20,2330,17537878,10527701553,603.0,604.0,597.0,598.0,-2.0,16410
438,2021-10-21,2330,16882324,10116911921,602.0,603.0,595.0,596.0,-2.0,17599
439,2021-10-22,2330,14236279,8520299817,600.0,602.0,594.0,600.0,4.0,12812
440,2021-10-25,2330,17724968,10518554968,597.0,597.0,590.0,593.0,-7.0,16139
441,2021-10-26,2330,27047187,16169131795,595.0,600.0,593.0,599.0,6.0,13081
442,2021-10-27,2330,16260278,9708715733,598.0,599.0,594.0,599.0,0.0,12042
443,2021-10-28,2330,16927154,10066068774,598.0,598.0,591.0,595.0,-4.0,15065
444,2021-10-29,2330,27684673,16352758906,595.0,596.0,589.0,590.0,-5.0,19937
445,2021-11-01,2330,17110357,10107402871,591.0,593.0,590.0,590.0,0.0,13798
446,2021-11-02,2330,16544999,9808608554,594.0,597.0,590.0,592.0,2.0,11662
447,2021-11-03,2330,11404984,6773439607,597.0,597.0,592.0,592.0,0.0,8934
448,2021-11-04,2330,18888245,11112246412,592.0,594.0,585.0,587.0,-5.0,22171
449,2021-11-05,2330,35086799,20974569571,598.0,600.0,595.0,600.0,13.0,31929
450,2021-11-08,2330,20886897,12544595323,600.0,602.0,598.0,602.0,2.0,17964
451,2021-11-09,2330,42340785,25935652781,611.0,617.0,610.0,611.0,9.0,42855
452,2021-11-10,2330,18518512,11303615778,611.0,612.0,608.0,612.0,1.0,19147
453,2021-11-11,2330,20257792,12225622771,600.0,606.0,600.0,606.0,-6.0,16140
454,2021-11-12,2330,21373014,12801799429,610.0,611.0,602.0,604.0,-2.0,13869
455,2021-11-15,2330,17140935,10434209332,609.0,611.0,607.0,608.0,4.0,13140
456,2021-11-16,2330,21776308,13285168416,612.0,612.0,608.0,610.0,2.0,14487
457,2021-11-17,2330,21829653,13330782804,615.0,615.0,608.0,610.0,0.0,14807
458,2021-11-18,2330,22933191,14019057524,613.0,614.0,607.0,613.0,3.0,15913
459,2021-11-19,2330,38847820,24047156185,622.0,623.0,617.0,618.0,5.0,32179
460,2021-11-22,2330,23296854,14354639781,618.0,618.0,615.0,615.0,-3.0,14108
461,2021-11-23,2330,20022520,12266300247,615.0,615.0,611.0,612.0,-3.0,15011
462,2021-11-24,2330,22978524,13904268592,612.0,612.0,602.0,603.0,-9.0,23584
463,2021-11-25,2330,14171433,8551663451,605.0,607.0,601.0,603.0,0.0,14137
464,2021-11-26,2330,27882175,16609442268,598.0,601.0,592.0,596.0,-7.0,47638
465,2021-11-29,2330,24160615,14360266132,594.0,598.0,591.0,593.0,-3.0,23653
466,2021-11-30,2330,69160408,41208103150,597.0,600.0,591.0,596.0,3.0,24427
467,2021-12-01,2330,30119408,18021861252,596.0,603.0,594.0,600.0,4.0,15695
468,2021-12-02,2330,48720976,29780012954,605.0,615.0,602.0,615.0,15.0,40629
469,2021-12-03,2330,27571974,16798271782,614.0,614.0,606.0,608.0,-7.0,16197
470,2021-12-06,2330,24474913,14740969839,603.0,609.0,600.0,600.0,-8.0,19139
471,2021-12-07,2330,21105883,12704452330,602.0,607.0,597.0,607.0,7.0,22160
472,2021-12-08,2330,22194708,13490034097,614.0,614.0,602.0,602.0,-5.0,15634
473,2021-12-09,2330,12467833,7554386680,606.0,608.0,602.0,608.0,6.0,9231
474,2021-12-10,2330,11371659,6874539365,605.0,608.0,602.0,605.0,-3.0,9215
475,2021-12-13,2330,17994933,10887156003,609.0,610.0,601.0,601.0,-4.0,12503
476,2021-12-14,2330,22997961,13757424386,598.0,600.0,597.0,599.0,-2.0,21324
477,2021-12-15,2330,22419040,13420958112,597.0,601.0,596.0,600.0,1.0,19195
478,2021-12-16,2330,22151282,13370280179,605.0,605.0,601.0,605.0,0.0,15515
479,2021-12-17,2330,30319495,18339763894,601.0,607.0,599.0,607.0,2.0,11667
480,2021-12-20,2330,22381761,13446342438,607.0,607.0,598.0,598.0,-9.0,18943
481,2021-12-21,2330,17669559,10560361874,597.0,600.0,595.0,597.0,-1.0,17336
482,2021-12-22,2330,10127887,6067689422,598.0,601.0,598.0,600.0,3.0,8238
483,2021-12-23,2330,16910501,10238270336,607.0,608.0,602.0,606.0,6.0,12888
484,2021-12-24,2330,12008673,7276331245,606.0,609.0,604.0,604.0,-2.0,10444
485,2021-12-27,2330,16771900,10193462167,604.0,610.0,604.0,606.0,2.0,16637
486,2021-12-28,2330,35156339,21569506434,610.0,615.0,610.0,615.0,9.0,36241
487,2021-12-29,2330,25604320,15788043027,615.0,619.0,614.0,616.0,1.0,28804
488,2021-12-30,2330,20522055,12654016133,619.0,620.0,615.0,615.0,-1.0,15565
489,2022-01-03,2330,73703302,46249716919,619.0,632.0,618.0,631.0,16.0,88508
490,2022-01-04,2330,90945643,59188199534,645.0,656.0,644.0,656.0,25.0,106409
491,2022-01-05,2330,72505550,47582832784,669.0,669.0,646.0,650.0,-6.0,64712
492,2022-01-06,2330,57490736,36817638522,638.0,646.0,636.0,644.0,-6.0,53430
493,2022-01-07,2330,39847766,25358237656,643.0,646.0,632.0,634.0,-10.0,44497
494,2022-01-10,2330,39286754,25052138297,628.0,645.0,627.0,643.0,9.0,33453
495,2022-01-11,2330,36186544,23361588355,646.0,651.0,639.0,651.0,8.0,26849
496,2022-01-12,2330,40832298,26762357054,657.0,660.0,650.0,660.0,9.0,39164
497,2022-01-13,2330,39172028,25813559647,658.0,662.0,655.0,661.0,1.0,34355
498,2022-01-14,2330,98768193,66094477906,673.0,673.0,661.0,672.0,11.0,83211
499,2022-01-17,2330,63828552,43615303577,685.0,688.0,678.0,683.0,11.0,61981
500,2022-01-18,2330,48802321,32742176854,678.0,681.0,662.0,662.0,-21.0,65357
501,2022-01-19,2330,44092247,28859030269,652.0,660.0,651.0,654.0,-8.0,50763
502,2022-01-20,2330,48996473,31893527292,650.0,657.0,646.0,651.0,-3.0,39346
503,2022-01-21,2330,53966101,34642476570,644.0,646.0,637.0,641.0,-10.0,66088
504,2022-01-24,2330,48665203,31412475591,639.0,655.0,637.0,653.0,12.0,36231
505,2022-01-25,2330,53927064,34582254327,643.0,645.0,638.0,641.0,-12.0,56698
506,2022-01-26,2330,33093553,21089251429,635.0,641.0,635.0,636.0,-5.0,35647
507,2022-02-07,2330,64637049,41221401027,644.0,644.0,631.0,635.0,-1.0,43774
508,2022-02-08,2330,43786259,27805114442,645.0,645.0,628.0,628.0,-7.0,40026
509,2022-02-09,2330,33633394,21289086984,635.0,637.0,630.0,633.0,5.0,29746
510,2022-02-10,2330,37388892,24028303016,639.0,649.0,637.0,649.0,16.0,28452
511,2022-02-11,2330,28194682,18225628338,646.0,650.0,642.0,650.0,1.0,21995
512,2022-02-14,2330,39394670,25104180949,640.0,641.0,635.0,637.0,-13.0,33928
513,2022-02-15,2330,24497955,15556533655,633.0,639.0,633.0,633.0,-4.0,31907
514,2022-02-16,2330,27395771,17635435307,645.0,646.0,640.0,646.0,13.0,23136
515,2022-02-17,2330,20447347,13171026165,644.0,646.0,641.0,645.0,-1.0,16116
516,2022-02-18,2330,21948975,13997433486,638.0,639.0,636.0,637.0,-8.0,23892
517,2022-02-21,2330,25769408,16320629980,633.0,636.0,632.0,632.0,-5.0,41961
518,2022-02-22,2330,38526210,24153923316,628.0,630.0,625.0,627.0,-5.0,68303
519,2022-02-23,2330,34561338,21606428438,624.0,629.0,623.0,625.0,-2.0,50926
520,2022-02-24,2330,80672979,49358065299,618.0,619.0,604.0,604.0,-21.0,188248
521,2022-02-25,2330,94155943,56880320916,600.0,609.0,600.0,604.0,0.0,129776
522,2022-03-01,2330,70303880,42445208215,599.0,610.0,599.0,604.0,0.0,67439
523,2022-03-02,2330,42428151,25528700277,601.0,605.0,600.0,601.0,-3.0,58916
524,2022-03-03,2330,37103932,22373890387,603.0,607.0,601.0,602.0,1.0,65410
525,2022-03-04,2330,65235167,38833099256,595.0,597.0,592.0,595.0,-7.0,206731
526,2022-03-07,2330,97167600,56147025127,580.0,581.0,575.0,576.0,-19.0,297917
527,2022-03-08,2330,88371413,49908147901,561.0,570.0,561.0,563.0,-13.0,269695
528,2022-03-09,2330,57512412,32761408119,567.0,573.0,567.0,568.0,5.0,112422
529,2022-03-10,2330,49092145,28798814637,585.0,589.0,582.0,587.0,19.0,71569
530,2022-03-11,2330,42981381,24820833930,581.0,582.0,574.0,575.0,-12.0,112158
531,2022-03-14,2330,38562552,22131365409,574.0,577.0,572.0,572.0,-3.0,87337
532,2022-03-15,2330,84338792,47191728965,562.0,563.0,558.0,558.0,-14.0,277901
533,2022-03-16,2330,50764807,28345633852,564.0,565.0,555.0,558.0,0.0,110732
534,2022-03-17,2330,65820899,38121960334,578.0,583.0,575.0,582.0,24.0,65468
535,2022-03-18,2330,49583448,28771454221,582.0,582.0,576.0,581.0,-1.0,39576
536,2022-03-21,2330,22800165,13363354969,583.0,589.0,583.0,586.0,5.0,32617
537,2022-03-22,2330,23421124,13613967252,577.0,586.0,577.0,583.0,-3.0,27371
538,2022-03-23,2330,27475008,16177424772,590.0,590.0,586.0,590.0,7.0,30970
539,2022-03-24,2330,20769676,12232627003,587.0,592.0,585.0,591.0,1.0,21647
540,2022-03-25,2330,26794684,15984831591,597.0,598.0,595.0,598.0,7.0,29896
541,2022-03-28,2330,27954730,16298449416,581.0,586.0,580.0,584.0,-14.0,54537
542,2022-03-29,2330,15742359,9243985774,586.0,589.0,584.0,589.0,5.0,21222
543,2022-03-30,2330,43256548,25908489513,599.0,600.0,597.0,600.0,11.0,48535
544,2022-03-31,2330,25130417,15014260610,602.0,602.0,594.0,597.0,-3.0,18860
545,2022-04-01,2330,31247086,18328227645,585.0,589.0,584.0,589.0,-8.0,53178
546,2022-04-06,2330,40726932,23547636944,578.0,580.0,575.0,578.0,-11.0,62822
547,2022-04-07,2330,47212937,26881649976,571.0,573.0,566.0,566.0,-12.0,130552
548,2022-04-08,2330,31406384,17821660486,567.0,570.0,566.0,567.0,1.0,75778
549,2022-04-11,2330,41713758,23401330531,563.0,566.0,558.0,558.0,-9.0,130731
550,2022-04-12,2330,34799056,19418030839,554.0,564.0,552.0,557.0,-1.0,69280
551,2022-04-13,2330,36968137,21134384849,564.0,576.0,563.0,573.0,16.0,41249
552,2022-04-14,2330,20224847,11618596373,577.0,578.0,573.0,573.0,0.0,27442
553,2022-04-15,2330,33158930,18667922752,562.0,566.0,561.0,562.0,-11.0,99936
554,2022-04-18,2330,16579296,9311198146,559.0,566.0,558.0,561.0,-1.0,31712
555,2022-04-19,2330,18811242,10639032272,566.0,569.0,563.0,565.0,4.0,24598
556,2022-04-20,2330,28240222,16016967192,570.0,570.0,562.0,570.0,5.0,28615
557,2022-04-21,2330,21539083,12221437009,571.0,571.0,565.0,565.0,-5.0,28847
558,2022-04-22,2330,35567672,19849449551,558.0,559.0,557.0,558.0,-7.0,81550
559,2022-04-25,2330,49067362,26907070565,550.0,552.0,546.0,547.0,-11.0,165619
560,2022-04-26,2330,39549934,21628474846,550.0,551.0,544.0,546.0,-1.0,90252
561,2022-04-27,2330,65034122,34416315121,530.0,532.0,526.0,526.0,-20.0,217895
562,2022-04-28,2330,50406145,26653291522,530.0,532.0,523.0,531.0,5.0,79897
563,2022-04-29,2330,39960198,21586196160,547.0,547.0,535.0,538.0,7.0,41498
564,2022-05-03,2330,29502561,15790689728,538.0,540.0,530.0,531.0,-7.0,48050
565,2022-05-04,2330,17305449,9229779558,533.0,537.0,530.0,534.0,3.0,27460
566,2022-05-05,2330,22540182,12209716759,543.0,544.0,539.0,542.0,8.0,26904
567,2022-05-06,2330,34512038,18241210653,528.0,531.0,526.0,528.0,-14.0,66208
568,2022-05-09,2330,27309304,14249571058,523.0,524.0,520.0,520.0,-8.0,82004
569,2022-05-10,2330,44322247,22673191861,506.0,519.0,505.0,518.0,-2.0,83371
570,2022-05-11,2330,28109896,14662149551,518.0,526.0,518.0,521.0,3.0,40227
571,2022-05-12,2330,35824788,18310112210,516.0,518.0,505.0,505.0,-16.0,107513
572,2022-05-13,2330,30204773,15412261905,507.0,514.0,506.0,511.0,6.0,37707
573,2022-05-16,2330,22012610,11472463517,521.0,524.0,518.0,520.0,9.0,30034
574,2022-05-17,2330,25812051,13627135311,521.0,533.0,520.0,530.0,10.0,30826
575,2022-05-18,2330,33605299,18075946322,541.0,541.0,534.0,538.0,8.0,34913
576,2022-05-19,2330,40798132,21322524192,523.0,527.0,520.0,522.0,-16.0,47232
577,2022-05-20,2330,26111163,13784969436,524.0,532.0,523.0,530.0,8.0,21767
578,2022-05-23,2330,18919447,10040778291,533.0,534.0,528.0,528.0,-2.0,18775
579,2022-05-24,2330,19130619,10036942322,530.0,531.0,520.0,520.0,-8.0,31716
580,2022-05-25,2330,22460245,11782306905,522.0,529.0,520.0,524.0,4.0,18352
581,2022-05-26,2330,31542825,16336162581,523.0,525.0,513.0,514.0,-10.0,72846
582,2022-05-27,2330,30113220,15855257581,524.0,530.0,522.0,530.0,16.0,28711
583,2022-05-30,2330,36480411,19757635264,538.0,547.0,537.0,547.0,17.0,42797
584,2022-05-31,2330,81962870,45507333341,542.0,560.0,540.0,560.0,13.0,34286
585,2022-06-01,2330,32970903,18171598472,550.0,555.0,548.0,549.0,-11.0,33456
586,2022-06-02,2330,26063495,14122936388,544.0,545.0,540.0,540.0,-9.0,30042
587,2022-06-06,2330,23732327,12843324209,541.0,544.0,538.0,540.0,0.0,16614
588,2022-06-07,2330,22152512,11846386906,535.0,538.0,532.0,535.0,-5.0,28586
589,2022-06-08,2330,19609522,10636701303,539.0,545.0,538.0,544.0,9.0,18487
590,2022-06-09,2330,16894479,9115934006,538.0,542.0,537.0,541.0,-3.0,18802
591,2022-06-10,2330,22614596,12011615014,530.0,533.0,529.0,530.0,-11.0,44802
592,2022-06-13,2330,36758925,18998155460,518.0,519.0,515.0,516.0,-14.0,112023
593,2022-06-14,2330,38838778,19813036892,507.0,514.0,507.0,513.0,-3.0,85483
594,2022-06-15,2330,38360508,19580150319,508.0,515.0,508.0,509.0,-4.0,72687
595,2022-06-16,2330,31908028,16331470764,515.0,516.0,507.0,508.0,0.0,42177
596,2022-06-17,2330,48400798,24260277915,499.5,503.0,499.0,501.0,-7.0,119618
597,2022-06-20,2330,36664463,18267359790,500.0,502.0,495.0,498.0,-3.0,89541
598,2022-06-21,2330,34432537,17298234720,501.0,505.0,499.0,505.0,7.0,32427
599,2022-06-22,2330,33438921,16630857096,501.0,503.0,494.5,494.5,-10.5,81024
600,2022-06-23,2330,46808462,22836692325,492.0,493.5,485.0,485.5,-9.0,104661
601,2022-06-24,2330,29003676,14184287155,489.5,492.5,485.5,486.5,1.0,43609
602,2022-06-27,2330,38684368,19379396938,496.0,506.0,495.5,498.5,12.0,37438
603,2022-06-28,2330,16867955,8392290378,496.0,500.0,496.0,497.5,-1.0,18988
604,2022-06-29,2330,33124986,16352376816,496.0,498.5,491.0,491.0,-6.5,40024
605,2022-06-30,2330,49820824,23900613642,484.5,486.5,476.0,476.0,-15.0,111117
606,2022-07-01,2330,72597018,33459624760,471.5,474.0,452.5,453.5,-22.5,172267
607,2022-07-04,2330,61206245,27225872277,443.0,451.5,440.0,440.0,-13.5,96760
608,2022-07-05,2330,55469884,24538415224,449.5,451.5,433.0,446.0,6.0,70715
609,2022-07-06,2330,42156925,18556660847,442.0,447.5,435.0,435.5,-10.5,59018
610,2022-07-07,2330,50984110,22992311966,442.0,459.0,438.5,457.5,22.0,56227
611,2022-07-08,2330,39134398,18251251558,470.0,470.5,461.5,467.0,9.5,46039
612,2022-07-11,2330,22930675,10673806551,468.0,470.5,461.0,462.0,-5.0,25631
613,2022-07-12,2330,24155935,10932798847,458.0,458.0,449.5,449.5,-12.5,34431
614,2022-07-13,2330,48134139,22639696871,470.5,473.0,466.0,470.5,21.0,48964
615,2022-07-14,2330,34014188,16045789881,466.0,477.5,463.0,475.0,4.5,36454
616,2022-07-15,2330,56039339,27285128552,481.0,494.0,477.0,492.5,17.5,63691
617,2022-07-18,2330,40797601,20142703483,495.5,498.5,488.5,495.5,3.0,42574
618,2022-07-19,2330,20554247,10063256350,487.5,493.0,486.5,491.0,-4.5,25035
619,2022-07-20,2330,36862724,18330197370,502.0,503.0,491.5,495.0,4.0,40233
620,2022-07-21,2330,23893063,11887266420,496.0,501.0,494.0,501.0,6.0,23039
621,2022-07-22,2330,26904474,13525083791,505.0,505.0,500.0,503.0,2.0,26122
622,2022-07-25,2330,16803972,8402110298,500.0,503.0,498.0,499.5,-3.5,17230
623,2022-07-26,2330,19524143,9665183112,499.5,499.5,491.0,495.0,-4.5,29293
624,2022-07-27,2330,18411136,9144660659,494.0,502.0,491.0,502.0,7.0,20351
625,2022-07-28,2330,35020547,17665645632,509.0,509.0,499.0,501.0,-1.0,31274
626,2022-07-29,2330,30632627,15571856556,508.0,510.0,504.0,509.0,8.0,24762
627,2022-08-01,2330,24991291,12569771761,506.0,508.0,500.0,504.0,-5.0,26792
628,2022-08-02,2330,42669591,20973293337,494.0,496.0,488.5,492.0,-12.0,63879
629,2022-08-03,2330,29838832,14823224632,494.0,501.0,493.0,501.0,9.0,25570
630,2022-08-04,2330,26589086,13279624282,499.0,503.0,495.0,500.0,-1.0,27173
631,2022-08-05,2330,35052642,17966410242,509.0,516.0,507.0,516.0,16.0,49928
632,2022-08-08,2330,20568971,10531710250,510.0,515.0,509.0,512.0,-4.0,18131
633,2022-08-09,2330,24370709,12372442661,507.0,511.0,504.0,510.0,-2.0,25433
634,2022-08-10,2330,22112239,11075581424,500.0,503.0,499.5,500.0,-10.0,35188
635,2022-08-11,2330,24906177,12771121611,513.0,514.0,510.0,514.0,14.0,23949
636,2022-08-12,2330,21343450,11016097043,515.0,518.0,514.0,517.0,3.0,21701
637,2022-08-15,2330,22519886,11755494600,520.0,524.0,519.0,523.0,6.0,27372
638,2022-08-16,2330,21234122,11141160337,526.0,526.0,523.0,525.0,2.0,20628
639,2022-08-17,2330,28461939,14943047011,524.0,527.0,521.0,527.0,2.0,26466
640,2022-08-18,2330,18721898,9734756997,520.0,521.0,519.0,520.0,-7.0,24209
641,2022-08-19,2330,14235983,7403584002,519.0,523.0,517.0,519.0,-1.0,14069
642,2022-08-22,2330,23175820,11849427903,511.0,514.0,510.0,510.0,-9.0,32130
643,2022-08-23,2330,20997847,10580935860,503.0,506.0,502.0,504.0,-6.0,34243
644,2022-08-24,2330,14995494,7560487746,504.0,508.0,503.0,503.0,-1.0,20031
645,2022-08-25,2330,10254367,5208471523,505.0,510.0,504.0,508.0,5.0,11664
646,2022-08-26,2330,13268148,6805419690,513.0,515.0,511.0,512.0,4.0,14862
647,2022-08-29,2330,28217313,14055439771,497.0,502.0,496.0,498.5,-13.5,60889
648,2022-08-30,2330,25699463,12787938496,497.5,500.0,496.0,496.0,-2.5,43669
649,2022-08-31,2330,50999514,25630339779,492.0,505.0,492.0,505.0,9.0,24054
650,2022-09-01,2330,42008490,20696930527,495.0,495.5,490.0,490.5,-14.5,93631
651,2022-09-02,2330,33877655,16486942365,488.0,489.5,485.0,485.0,-5.5,71175
652,2022-09-05,2330,17327720,8419762666,485.0,488.0,484.0,486.0,1.0,27611
653,2022-09-06,2330,21197718,10364807027,488.5,491.5,486.5,489.0,3.0,18950
654,2022-09-07,2330,38168331,18125281029,477.0,478.0,472.0,472.5,-16.5,101077
655,2022-09-08,2330,35355467,16755699888,473.0,475.0,472.0,475.0,2.5,37943
656,2022-09-12,2330,27181969,13268334545,485.0,491.0,485.0,486.5,11.5,26764
657,2022-09-13,2330,18916557,9329113594,495.0,495.0,491.0,493.0,6.5,20511
658,2022-09-14,2330,25046110,12023421519,478.5,482.5,476.0,480.0,-13.0,47333
659,2022-09-15,2330,24272164,11587112712,476.0,480.0,476.0,476.5,0.0,35435
660,2022-09-16,2330,41889816,19737743551,470.5,472.0,469.0,472.0,-4.5,51619
661,2022-09-19,2330,20724347,9713676332,472.0,473.0,466.5,467.0,-5.0,45650
662,2022-09-20,2330,23269759,11027746136,470.5,478.0,470.0,476.5,9.5,20621
663,2022-09-21,2330,24686050,11641957557,473.5,475.5,468.5,471.0,-5.5,30847
664,2022-09-22,2330,31417685,14524615830,462.0,468.0,459.0,464.5,-6.5,53974
665,2022-09-23,2330,32804066,15005076330,458.5,460.5,455.0,455.0,-9.5,82492
666,2022-09-26,2330,34856957,15560487370,443.0,454.0,443.0,446.5,-8.5,75861
667,2022-09-27,2330,29570005,13260363913,449.0,451.5,446.0,448.0,1.5,29995
668,2022-09-28,2330,37827459,16693442543,447.0,449.0,438.0,438.0,-10.0,78780
669,2022-09-29,2330,42884163,18748910795,443.0,443.5,432.0,435.0,-3.0,70971
670,2022-09-30,2330,58366820,24750796363,424.5,427.5,422.0,422.0,-13.0,87052
671,2022-10-03,2330,38354967,16068149231,418.5,424.5,416.5,417.0,-5.0,70127
672,2022-10-04,2330,42455417,18225995343,429.5,432.0,427.0,429.0,12.0,31696
673,2022-10-05,2330,48321335,21583755745,444.5,451.0,442.0,445.0,16.0,51865
674,2022-10-06,2330,30750331,13821382520,450.5,451.0,447.0,451.0,6.0,24907
675,2022-10-07,2330,32872044,14505036044,448.5,448.5,437.0,438.0,-13.0,45112
676,2022-10-11,2330,109842903,44572345642,408.0,412.5,401.0,401.5,-36.5,210614
677,2022-10-12,2330,64138351,25536098386,397.0,400.0,395.5,397.5,-4.0,114055
678,2022-10-13,2330,43158592,17239718998,400.5,403.0,395.0,395.0,-2.5,66846
679,2022-10-14,2330,59841064,24714069328,414.5,416.0,409.0,412.0,17.0,54666
680,2022-10-17,2330,45038159,17954868983,400.0,403.5,396.0,397.0,-15.0,66589
681,2022-10-18,2330,41304834,16675510801,406.5,407.0,399.5,407.0,10.0,30538
682,2022-10-19,2330,48655069,19398261013,404.0,405.0,395.5,395.5,-11.5,68211
683,2022-10-20,2330,63202035,24682371387,391.0,397.5,386.0,397.5,2.0,76430
684,2022-10-21,2330,38968511,15297273710,395.5,398.5,389.5,389.5,-8.0,64043
685,2022-10-24,2330,48691083,18995017699,395.0,397.5,387.0,387.0,-2.5,58612
686,2022-10-25,2330,81173913,30515958539,380.0,382.5,371.0,371.0,-16.0,155200
687,2022-10-26,2330,61440878,23045141097,370.5,379.0,370.0,376.0,5.0,46073
688,2022-10-27,2330,47160778,18190840150,384.5,389.0,382.5,385.5,9.5,37777
689,2022-10-28,2330,44691746,16923109361,379.5,382.0,375.0,379.5,-6.0,48116
690,2022-10-31,2330,40598928,15721543079,386.0,390.0,381.0,390.0,10.5,32816
691,2022-11-01,2330,42123141,16428079355,388.5,393.0,386.0,391.5,1.5,29780
692,2022-11-02,2330,23169428,9091891929,391.0,395.0,388.5,395.0,3.5,22285
693,2022-11-03,2330,42092776,16201844314,385.0,387.0,383.5,384.0,-11.0,52660
694,2022-11-04,2330,30839846,11762941797,381.0,384.5,378.5,382.0,-2.0,26895
695,2022-11-07,2330,37704746,14710405524,390.0,393.0,387.0,390.0,8.0,30880
696,2022-11-08,2330,32576136,12954941396,395.0,399.5,394.0,399.0,9.0,35956
697,2022-11-09,2330,56357663,23188739823,403.5,417.0,403.5,417.0,18.0,67569
698,2022-11-10,2330,33671621,13757669359,409.0,411.5,406.0,407.5,-9.5,36471
699,2022-11-11,2330,83770040,36838808146,441.5,442.0,435.0,441.5,34.0,100349
700,2022-11-14,2330,63282094,28257175788,450.0,450.0,441.5,445.0,3.5,48957
701,2022-11-15,2330,118536865,56191637241,465.0,487.0,462.0,480.0,35.0,139136
702,2022-11-16,2330,88416393,43103738374,491.5,494.0,481.5,487.0,7.0,98338
703,2022-11-17,2330,46850915,22547582604,482.5,485.0,475.0,485.0,-2.0,57331
704,2022-11-18,2330,37001332,18131673834,491.5,494.0,486.0,487.0,2.0,41694
705,2022-11-21,2330,30609465,14843805078,487.5,489.5,480.5,482.0,-5.0,35815
706,2022-11-22,2330,39329440,19112616916,476.0,491.0,476.0,491.0,9.0,40964
707,2022-11-23,2330,34752559,17111333375,494.5,496.0,488.5,492.0,1.0,32889
708,2022-11-24,2330,28477359,14073196704,494.0,496.0,492.0,496.0,4.0,34387
709,2022-11-25,2330,41461805,20594790238,494.0,498.0,494.0,498.0,2.0,34399
710,2022-11-28,2330,40815045,19790586320,486.0,490.0,480.5,480.5,-17.5,57163
711,2022-11-29,2330,40266315,19374604221,473.5,488.0,473.0,487.0,6.5,35929
712,2022-11-30,2330,60728041,29643130386,483.0,490.0,482.5,490.0,3.0,25325
713,2022-12-01,2330,43684491,21976936461,506.0,508.0,498.5,498.5,8.5,46181
714,2022-12-02,2330,29909021,14745810388,490.0,497.0,490.0,492.5,-6.0,31799
715,2022-12-05,2330,33048153,16272219716,491.5,497.5,489.0,489.0,-3.5,31739
716,2022-12-06,2330,44964237,21703863181,488.0,489.0,478.0,478.0,-11.0,44448
717,2022-12-07,2330,39978821,19128832587,477.0,485.5,475.0,475.0,-3.0,43603
718,2022-12-08,2330,28348573,13366736635,475.0,475.0,467.0,471.5,-3.5,45114
719,2022-12-09,2330,28903860,13881674073,478.0,484.5,476.0,481.5,10.0,25790
720,2022-12-12,2330,24064002,11435789974,476.5,478.0,473.5,475.0,-6.5,34393
721,2022-12-13,2330,36028109,17034191389,473.0,476.0,471.0,471.5,-3.5,36559
722,2022-12-14,2330,35263781,16860500181,472.0,480.5,472.0,480.5,9.0,25102
723,2022-12-15,2330,26001756,12446105928,476.0,481.5,474.5,480.5,0.0,21052
724,2022-12-16,2330,51707693,24262026661,466.5,471.0,465.5,471.0,-9.5,69011
725,2022-12-19,2330,24231653,11320207884,466.5,469.5,465.0,466.5,-4.5,30247
726,2022-12-20,2330,33181363,15291302176,465.0,467.0,455.0,457.5,-9.0,59543
727,2022-12-21,2330,40831313,18763874901,460.0,463.0,457.0,459.0,1.5,31581
728,2022-12-22,2330,14519582,6784664988,466.5,469.0,464.0,468.0,9.0,16893
729,2022-12-23,2330,26724153,12200056423,457.5,458.5,455.0,455.0,-13.0,63532
730,2022-12-26,2330,9152790,4171194858,454.0,457.0,453.5,456.5,1.5,16718
731,2022-12-27,2330,10486219,4820155221,458.0,462.5,457.0,457.0,0.5,13482
732,2022-12-28,2330,34823492,15643266841,451.0,452.0,446.0,451.0,-6.0,59400
733,2022-12-29,2330,25596357,11400284554,444.0,449.5,442.5,446.0,-5.0,34637
734,2022-12-30,2330,22297604,10079102379,455.0,456.5,448.5,448.5,2.5,23086
735,2023-01-03,2330,15311364,6871973708,446.0,453.5,443.0,453.0,4.5,22581
736,2023-01-04,2330,20626874,9310050329,449.5,455.0,448.5,449.5,-3.5,18233
737,2023-01-05,2330,23972099,10972616269,459.0,459.5,455.0,458.5,9.0,20752
738,2023-01-06,2330,21313593,9745142549,455.0,459.5,455.0,458.5,0.0,16635
739,2023-01-09,2330,49186355,23352375299,468.0,481.0,467.5,481.0,22.5,57305
740,2023-01-10,2330,34785370,16867391241,486.0,487.0,483.0,486.0,5.0,36975
741,2023-01-11,2330,21749124,10531314878,487.0,488.0,482.0,484.5,-1.5,25457
742,2023-01-12,2330,22416984,10901640739,487.5,488.0,484.0,486.5,2.0,25780
743,2023-01-13,2330,81848755,41113175651,507.0,509.0,499.0,500.0,13.5,93121
744,2023-01-16,2330,38781925,19573968332,506.0,508.0,503.0,505.0,5.0,48051
745,2023-01-17,2330,29443522,14784661794,504.0,504.0,499.5,503.0,-2.0,27930
746,2023-01-30,2330,148413161,80057158264,542.0,543.0,534.0,543.0,40.0,153125
747,2023-01-31,2330,79212272,41736937234,537.0,538.0,521.0,522.0,-21.0,74279
748,2023-02-01,2330,42539626,22450948467,532.0,533.0,522.0,530.0,8.0,31487
749,2023-02-02,2330,46523592,25091483557,538.0,542.0,537.0,540.0,10.0,45495
750,2023-02-03,2330,34156234,18439613447,540.0,542.0,536.0,542.0,2.0,39674
751,2023-02-06,2330,32208918,17041821849,532.0,533.0,526.0,526.0,-16.0,46279
752,2023-02-07,2330,24362116,12767910080,524.0,528.0,522.0,523.0,-3.0,28519
753,2023-02-08,2330,37633169,20247927642,538.0,540.0,534.0,540.0,17.0,43495
754,2023-02-09,2330,22311345,12026317167,540.0,540.0,536.0,540.0,0.0,19698
755,2023-02-10,2330,30445088,16545221176,544.0,546.0,541.0,545.0,5.0,40984
756,2023-02-13,2330,23903151,12921896752,544.0,544.0,538.0,541.0,-4.0,22431
757,2023-02-14,2330,23855974,12990943260,544.0,546.0,543.0,545.0,4.0,27983
758,2023-02-15,2330,66068713,34751111404,526.0,532.0,522.0,525.0,-20.0,103433
759,2023-02-16,2330,33509968,17692691883,528.0,531.0,524.0,528.0,3.0,27033
760,2023-02-17,2330,29673053,15385668299,524.0,524.0,516.0,518.0,-10.0,55965
761,2023-02-20,2330,21181235,10928087780,514.0,519.0,511.0,517.0,-1.0,25898
762,2023-02-21,2330,15097509,7771141142,515.0,517.0,513.0,516.0,-1.0,27200
763,2023-02-22,2330,26578867,13474662693,506.0,509.0,505.0,507.0,-9.0,47843
764,2023-02-23,2330,26801677,13846782345,512.0,521.0,510.0,518.0,11.0,26552
765,2023-02-24,2330,48372303,24932422713,524.0,525.0,511.0,511.0,-7.0,29612
766,2023-03-01,2330,45971058,23624972884,504.0,522.0,504.0,522.0,11.0,31738
767,2023-03-02,2330,18017085,9344352321,519.0,520.0,515.0,519.0,-3.0,14320
768,2023-03-03,2330,24117189,12510608773,524.0,525.0,516.0,516.0,-3.0,22160
769,2023-03-06,2330,24741125,12883854256,520.0,524.0,517.0,521.0,5.0,20678
770,2023-03-07,2330,27650283,14465320023,521.0,526.0,519.0,524.0,3.0,20595
771,2023-03-08,2330,27077587,14091713576,521.0,523.0,518.0,521.0,-3.0,20504
772,2023-03-09,2330,25639391,13430582677,525.0,526.0,522.0,522.0,1.0,16497
773,2023-03-10,2330,25572403,13122265260,515.0,516.0,511.0,513.0,-9.0,46216
774,2023-03-13,2330,22568740,11608973891,513.0,518.0,509.0,516.0,3.0,24150
775,2023-03-14,2330,26599476,13602260966,511.0,514.0,510.0,510.0,-6.0,24848
776,2023-03-15,2330,24080361,12350942139,515.0,516.0,510.0,511.0,1.0,21075
777,2023-03-16,2330,23325664,11809911840,505.0,510.0,504.0,505.0,0.0,33493
778,2023-03-17,2330,35872881,18538033584,516.0,518.0,513.0,518.0,13.0,21217
779,2023-03-20,2330,12752221,6542889562,517.0,518.0,510.0,512.0,-6.0,17709
780,2023-03-21,2330,18519120,9534730452,515.0,517.0,512.0,517.0,5.0,14094
781,2023-03-22,2330,45681056,24168561556,524.0,533.0,524.0,533.0,16.0,56483
782,2023-03-23,2330,28614856,15307492846,528.0,539.0,528.0,538.0,5.0,35313
783,2023-03-24,2330,22963771,12348311773,536.0,539.0,535.0,539.0,1.0,24762
784,2023-03-27,2330,17170557,9148085033,533.0,536.0,531.0,531.0,-8.0,17484
785,2023-03-28,2330,18327556,9629323504,525.0,530.0,524.0,525.0,-6.0,20744
786,2023-03-29,2330,17620195,9329137251,533.0,533.0,525.0,530.0,5.0,15653
787,2023-03-30,2330,20380650,10894446851,536.0,537.0,531.0,535.0,5.0,18171
788,2023-03-31,2330,24324776,12997575231,538.0,538.0,532.0,533.0,-2.0,15962
789,2023-04-06,2330,26706549,14130223516,530.0,531.0,526.0,530.0,-3.0,19144
790,2023-04-07,2330,11114272,5903807797,535.0,535.0,529.0,531.0,1.0,10285
791,2023-04-10,2330,8203168,4350907176,533.0,533.0,528.0,529.0,-2.0,11698
792,2023-04-11,2330,23087326,12101146147,522.0,527.0,522.0,524.0,-5.0,24432
793,2023-04-12,2330,24772925,12870788209,523.0,524.0,517.0,520.0,-4.0,37158
794,2023-04-13,2330,27501436,14121978133,515.0,517.0,510.0,510.0,-10.0,64834
795,2023-04-14,2330,21174653,10936462759,516.0,520.0,513.0,516.0,6.0,19962
796,2023-04-17,2330,17895837,9264789087,519.0,520.0,514.0,520.0,4.0,17444
797,2023-04-18,2330,15687059,8097905529,518.0,520.0,514.0,515.0,-5.0,17087
798,2023-04-19,2330,23209923,11881404238,517.0,518.0,509.0,510.0,-5.0,43281
799,2023-04-20,2330,21002685,10780268259,512.0,516.0,510.0,513.0,3.0,16627
800,2023-04-21,2330,25440179,13103618008,520.0,520.0,510.0,511.0,-2.0,22738
801,2023-04-24,2330,17579661,8903570323,505.0,510.0,504.0,507.0,-4.0,31635
802,2023-04-25,2330,40916105,20495640143,504.0,505.0,498.0,498.0,-9.0,92009
803,2023-04-26,2330,33174539,16353670134,498.0,498.5,491.0,491.5,-6.5,58580
804,2023-04-27,2330,34149043,16816693302,491.0,495.0,489.0,493.5,2.0,47699
805,2023-04-28,2330,38812949,19433015577,498.5,502.0,498.0,502.0,8.5,23746
806,2023-05-02,2330,17142380,8572554842,500.0,502.0,496.5,501.0,-1.0,18247
807,2023-05-03,2330,12694698,6305914905,496.0,498.0,495.0,496.0,-5.0,25658
808,2023-05-04,2330,13699933,6818128036,497.0,499.5,496.0,498.0,2.0,14801
809,2023-05-05,2330,7898012,3949232374,500.0,502.0,498.5,500.0,2.0,10944
810,2023-05-08,2330,11737287,5932968954,509.0,509.0,502.0,504.0,4.0,13709
811,2023-05-09,2330,18762778,9530653802,507.0,510.0,505.0,510.0,6.0,17452
812,2023-05-10,2330,19385820,9753130414,508.0,508.0,500.0,503.0,-7.0,26320
813,2023-05-11,2330,13775130,6894746011,506.0,506.0,498.5,499.0,-4.0,20237
814,2023-05-12,2330,20746928,10313384387,496.0,500.0,495.0,496.0,-3.0,27989
815,2023-05-15,2330,15548031,7721867966,497.0,499.5,494.5,495.5,-0.5,16896
816,2023-05-16,2330,24052785,12131536763,503.0,508.0,500.0,505.0,9.5,22355
817,2023-05-17,2330,44352410,22870340267,508.0,521.0,506.0,519.0,14.0,52663
818,2023-05-18,2330,46107848,24437734052,533.0,536.0,526.0,530.0,11.0,50359
819,2023-05-19,2330,34742592,18476363730,535.0,535.0,529.0,532.0,2.0,39104
820,2023-05-22,2330,19037508,10100912410,532.0,533.0,529.0,531.0,-1.0,18796
821,2023-05-23,2330,20126817,10638352410,530.0,531.0,525.0,530.0,-1.0,15826
822,2023-05-24,2330,22621221,11888325332,527.0,528.0,524.0,525.0,-5.0,16339
823,2023-05-25,2330,68360924,36976525917,542.0,545.0,537.0,543.0,18.0,80930
824,2023-05-26,2330,104924623,59322536825,568.0,568.0,563.0,566.0,23.0,131612
825,2023-05-29,2330,58813792,33454887785,574.0,574.0,564.0,568.0,2.0,52250
826,2023-05-30,2330,47490594,26861389177,566.0,568.0,563.0,566.0,-2.0,32956
827,2023-05-31,2330,90675529,50573324515,560.0,562.0,551.0,558.0,-8.0,39679
828,2023-06-01,2330,25257673,13920836412,550.0,554.0,550.0,551.0,-7.0,25441
829,2023-06-02,2330,34705102,19460144774,559.0,564.0,557.0,562.0,11.0,30644
